Time Step,SNR Improvement
0,-3.183485148303898
1,-1.8051087438342908
2,-1.010967407783058
3,-0.29701737766623104
4,-1.3847632795251528
5,0.041507182025329215
6,-2.468548474229909
7,-0.9699419140892047
8,-0.882207018035686
9,0.27122386180954017
10,-1.6137387548475672
11,0.17970754956659007
12,0.10686508374850234
13,-0.9082279159623177
14,-0.9119520785579294
15,-0.2679559600749002
16,-1.196129019085788
17,0.7695697117257971
18,-0.43185211701684345
19,-2.9185747731470055
20,-0.9019355397422721
21,0.38756173443490916
22,-2.4826448000394308
23,-0.35742459347957656
24,0.6284029467028382
25,1.1373920630018022
26,0.7497639213792544
27,0.6945849234476649
28,0.6233420609684943
29,0.4485671769887638
30,1.1302141836510495
31,0.8893845727468666
32,1.5358237930727379
33,0.5231247265907717
34,0.24608473836977574
35,0.14608655640709323
36,0.3752710886403037
37,0.6956517820206116
38,0.6327098652065271
39,1.52559667446776
40,2.7401169445247984
41,0.852504145883703
42,1.618634691693913
43,-0.6608407756779009
44,1.3632133159214472
45,0.9447079497409359
46,1.6108777372684138
47,1.7499697139457808
48,0.5228877443775559
49,0.6148385077703082
50,0.48323440942984774
51,3.399165947144702
52,3.8186665049755746
53,4.353902386139978
54,7.612823129927939
55,4.2791986544751595
56,0.1741244853213395
57,0.30616817065028457
58,1.951586766583393
59,-2.1903089477036346
60,-2.1666765984378493
61,-2.6573604569261917
62,-0.8693400417313928
63,-1.6849766773366248
64,-0.047370350475521406
65,-0.05182691851513965
66,0.16120560304323384
67,0.3339708732893705
68,0.1976893813632703
69,1.985327695598933
70,0.7730028008494081
71,1.904163612296017
72,1.3137885866831311
73,0.7106588603335151
74,1.7666301314450905
75,-0.1318490073023959
76,-1.0468723588304254
77,0.6448860546448856
78,1.0055906786084048
79,0.5096361539762562
80,0.9948498262444829
81,0.739263167124844
82,0.386113622264193
83,1.81640883961735
84,0.7439218657119531
85,1.908687586317619
86,1.0401038363214994
87,1.3239553081676139
88,0.18272563413814424
89,0.07633156924616635
90,1.1767544163066148
91,0.4151971860206274
92,-1.0299326440550924
93,-1.3415898026008914
94,-0.6352961595963613
95,-1.693812622265149
96,-2.9064551163749286
97,-0.3217030261813747
98,-2.8029237241991076
99,-3.090931902230917
100,-3.2262586774602724
101,-0.4652311503187079
102,0.7549477838321934
103,1.8833257167741024
104,1.8338059698861056
105,0.8544964264024575
106,0.9779574897101657
107,0.8864720598508651
108,1.133191144025112
109,1.6301568839576444
110,1.3927705765509248
111,0.5148877016327589
112,-1.1269547387700953
113,-0.6300661641767498
114,-0.07924763111256183
115,-0.7800947326261571
116,1.6562313886235565
117,1.7708627029488113
118,0.5668796974186563
119,-0.5832017218137366
120,-0.5347808443088962
121,-0.16731808153015493
122,0.8483177893150717
123,1.071370883169342
124,0.1966321671461042
125,0.07498555871657775
126,0.08679062423708572
127,0.2585229262903397
128,0.884860244532236
129,0.3150221437404248
130,0.19559587495936448
131,0.25143983981826956
132,0.6357203803046794
133,0.4977247223802088
134,1.5837605638279442
135,2.402592180646092
136,2.923383516378628
137,2.9617811030612042
138,1.7268595630119794
139,2.2142545976606556
140,1.5440833462441432
141,0.5870470300255519
142,1.113418360902081
143,-0.49201513368051053
144,-0.43731074648954404
145,-1.906335451454403
146,-0.5648403243326143
147,-2.7350742612106274
148,-0.04283884039230301
149,-0.3541899519595688
150,0.8003014072355974
151,-1.0690106162057162
152,1.329583022254397
153,2.444207720898124
154,4.228112133430805
155,7.180604394126789
156,4.598858791907357
157,0.5244806343718196
158,-0.3662141320502208
159,-1.1026934061879317
160,0.6344315402320078
161,-2.4959761065833685
162,-1.069772504892807
163,0.9855366752713071
164,0.8481302312023118
165,0.9236704631942896
166,1.0256719899828415
167,2.3185978982087274
168,0.44254392514045193
169,1.8742555314741889
170,0.8776860451608943
171,3.962328739440478
172,4.581876250430458
173,0.6951700986098643
174,2.1707166916561604
175,0.3358916747329346
176,0.18977245946823018
177,-0.043332277249952256
178,-1.390233255032749
179,-0.042867001984896014
180,-0.08846559114891583
181,-1.0462629524575107
182,-0.20762052742868597
183,-0.3648922917900954
184,-0.1606850066869958
185,-0.5746737835453004
186,-0.20208864092493428
187,-0.34898957621574933
188,-0.1672740112651816
189,-0.1673794869455616
190,-0.5670203004115226
191,-0.3906728119659686
192,-0.7322092719035052
193,-0.9827880895386016
194,-0.9424759205860358
195,-0.440048234875249
196,-0.87553679931451
197,0.8921443924747692
198,-0.6190367110883201
199,2.090283114386164
200,2.6464161472118413
201,0.5914940348491022
202,2.4268260488917335
203,-2.4643226102555644
204,1.5375857340112375
205,-0.3623666787492148
206,2.2558447708520593
207,2.202670880037097
208,1.5644118213458995
209,0.9348709181401595
210,-0.5187888720739622
211,1.6978080911639566
212,2.046460046465697
213,2.581420445835537
214,2.9958137659357735
215,1.6050291553268714
216,0.053115111074420795
217,-1.282437077994981
218,1.5326874039712166
219,1.200914524351946
220,2.9808987404381107
221,1.7238231989082973
222,-0.021012439871649136
223,-1.20109248954188
224,-1.3808748467671563
225,0.1124930576604335
226,0.024819279385159376
227,0.31060674954989587
228,-0.11157195979998669
229,-0.8092387922315609
230,-1.3460074744253667
231,-0.18067731770456597
232,-1.2746942032467174
233,-0.6272652112997363
234,-0.6274742718321527
235,0.24198154707233854
236,-0.8682782074686521
237,0.12306982133156907
238,0.402434257792617
239,0.5976678940942008
240,1.0025232967242363
241,0.2217189723122175
242,1.031820883307005
243,2.2228490632889324
244,1.9708564105439432
245,1.6693144670080198
246,4.45409783145195
247,3.2094356076843926
248,4.256359238026713
249,4.502026470104509
250,4.718548735531618
251,4.831722520581492
252,2.653567406683024
253,3.485911842579579
254,2.6212342615992625
255,2.0505377383920553
256,0.3143017392987808
257,0.8107947476185515
258,-0.7827837739940371
259,-1.9601728881887581
260,-3.2703043162870777
261,-2.8354072620687276
262,-1.8187113581956886
263,-3.0398302335715144
264,-1.6952948499530738
265,-1.7839038409661008
266,-0.3785594661225513
267,-0.3903539449385658
268,-0.20703580413862177
269,-0.3007470514462014
270,-0.19884882902065648
271,-0.35004782689816416
272,1.9435310237325112
273,2.1977013810212576
274,5.096344291959653
275,5.215866852796694
276,2.547424841239607
277,2.551311442798692
278,5.713008866452533
279,5.841395094443293
280,6.553633530230735
281,3.4333031405143313
282,4.236225163033648
283,7.449654808273348
284,5.467697944062303
285,13.866520316383662
286,9.147685070834271
287,9.253492514157756
288,2.855039057855487
289,3.7450765511714543
290,5.286243919983892
291,3.521773000113317
292,4.127182085429151
293,1.5157352012478107
294,3.237936422168085
295,3.4148424444234013
296,-0.9585913809876114
297,-0.16772166774459585
298,2.5054981660985955
299,-2.3948751848143583
300,-2.4502104044837534
301,-2.8952783354320584
302,-3.4364558019110802
303,-2.4689748123291384
304,-3.1453273650112212
305,-3.263192186816818
306,-2.280111067800185
307,-0.35111712908738646
308,-0.8917753150103103
309,0.10222292881155859
310,-1.361126255791845
311,0.4988922856222331
312,-0.20945456341311086
313,-1.3446817119940704
314,-2.5406426838726723
315,-1.5416112851315518
316,-2.0900341356872048
317,-1.9183828216516616
318,-3.908790397772874
319,-1.9980895674360681
320,-1.7171180206015464
321,-0.7480538880499736
322,0.4182515461435967
323,0.9248536292722314
324,1.1984139216325573
325,0.5004926516542341
326,2.0277152080624568
327,1.3006314125409233
328,1.774926867876859
329,0.7200864536345462
330,1.1740694461918988
331,0.2804176516618675
332,-0.508878969448908
333,-0.7874845542533269
334,0.2669967710804695
335,0.5216781416095877
336,0.17517439776405652
337,-0.017071390132664455
338,0.7358333606704122
339,1.6271943992826916
340,2.489232907643295
341,2.908303026641427
342,1.2535983655881093
343,1.4184530501474235
344,1.408258962011871
345,0.20548159683484535
346,1.264698557713615
347,1.557197080080332
348,0.5151535287314353
349,-0.14335950827247856
350,-1.3408245937386258
351,-0.6291537867531218
352,-2.1727798679372228
353,-2.57403320070674
354,-1.5026053270933577
355,-0.6909481876941665
356,-2.419126604524026
357,-0.7139487560628552
358,-2.3395170130721574
359,-0.38263455321295403
360,-2.681327727021822
361,-0.9416097396804783
362,-0.6616397877542397
363,-0.6089672058714726
364,-4.199629350819871
365,-0.5362715572975567
366,-2.8581611212177656
367,-2.003781264114684
368,-3.2849020004748617
369,-1.5107714345062035
370,-0.9115385582472175
371,-0.8984150037133691
372,-1.739868850603557
373,-1.7963151451673838
374,-2.915725521059837
375,-1.3774571794167478
376,-3.2243824066251108
377,-1.3217675416634833
378,-2.201973369103569
379,-2.228729284903623
380,-0.9758746480286034
381,-0.7647734915719555
382,-0.39975093814817786
383,1.065829057772024
384,0.1528680285051376
385,2.463664848160833
386,1.0360055047103147
387,1.0257125083656797
388,1.1621323715346796
389,3.741587509546143
390,1.4939051988843248
391,1.2079016524504942
392,1.2656675192074962
393,0.602342096142503
394,0.8786019958819011
395,0.4665602561123503
396,0.9835946595565588
397,0.11133343376383742
398,-0.24352147112834288
399,-0.6230662266532754
400,-0.4773464125028717
401,-1.0042142826891478
402,0.9661410918203437
403,1.684590346307754
404,-0.4627499792573211
405,-2.0036451121987593
406,-3.169657548174513
407,-0.8712216268660029
408,-0.09012323607282369
409,-1.1809785783579212
410,-2.2724750820368858
411,-1.5018198123395674
412,-1.6545849027483914
413,-2.73532085580716
414,-1.4497332859904617
415,-1.0825203603947493
416,-1.84796004988252
417,-3.2337873542804587
418,-1.7787545789422765
419,-2.783010012860224
420,-2.9800143974389037
421,-4.864759456129381
422,-4.069228816690977
423,-3.8443185051688697
424,0.3731500659655378
425,-1.9686667427059916
426,0.43037260821879286
427,0.27328958035562323
428,0.34619511947638415
429,0.8176426065228597
430,0.31892381246547696
431,1.3798061852678694
432,1.1768848048446445
433,1.0260472771864677
434,0.6141191716296044
435,0.7113390123459489
436,0.4522930447049385
437,0.9503266472056122
438,0.9441221441547976
439,0.4699344741331535
440,0.402017545253722
441,0.964700191726223
442,0.7173442873491123
443,1.0840181366761854
444,1.5993171416443577
445,3.2630932222299247
446,2.144212956067868
447,1.7889737910264518
448,0.9094377199888015
449,2.2742041426658837
450,0.649986653252661
451,0.12395057776052099
452,-0.6335366014014028
453,-1.8647394523437324
454,-0.6238410958810796
455,-0.7460369885875675
456,-1.0997217699606665
457,-0.562516585927952
458,-0.48679419005088675
459,0.30157179232478093
460,-0.4712388732585904
461,0.010203521227623469
462,-0.00476774598458185
463,0.454787516737305
464,0.555170386206683
465,0.6299868288341379
466,-2.0268939885619908
467,0.8404828319949722
468,1.295293018860722
469,-0.30540771618432316
470,-2.4849515317256436
471,-0.3798325944483665
472,1.0140588532341077
473,-0.15107734867973655
474,-0.23116005145770302
475,-1.056167872166876
476,-1.7091971203746326
477,-0.9353184755749986
478,-3.4775863448339877
479,-0.7134548438527144
480,-2.5565844172280663
481,-0.5396711423824616
482,-1.8618829344503114
483,-1.0675259271720083
484,-1.4731627964420744
485,-1.1721143258407825
486,-1.812545430213274
487,-1.4634960241054742
488,-1.8324313333617033
489,-0.4774516831295923
490,-0.5862715575990993
491,1.0130155151702116
492,0.11011181991326424
493,0.9830840897895463
494,-0.7079469744670082
495,0.11241704987839363
496,-2.086716655866441
497,0.791783412355537
498,1.0730003440783609
499,0.5775250554127762
500,2.769008856553725
501,3.4762658370541004
502,4.049575309907009
503,2.9724559344614647
504,3.1043957990871203
505,5.061333729151713
506,4.750157336835661
507,4.903115749565199
508,2.5994311170653894
509,4.158065702412733
510,3.1036609821629
511,3.3919267259120964
512,2.9837996123682835
513,2.0518538996503572
514,2.208039480874918
515,0.6102773630208631
516,0.2711138291631876
517,-0.17503376301726092
518,-1.686389854658227
519,-3.313553937441908
520,-4.864047230650158
521,-2.412672520436006
522,-4.429095481695624
523,-1.9088416744756387
524,-2.320980666755732
525,-2.964302600404393
526,-2.438870625638069
527,-1.1590523258185748
528,-1.9518711991163915
529,-0.7381755009563857
530,-0.3793943885109785
531,0.16699103757480582
532,0.6743772741184295
533,1.2679035696035403
534,2.2588645862463705
535,1.1867957485828926
536,4.357729636008637
537,1.1597628650757033
538,1.9076916195422982
539,1.0531051316957578
540,1.5338706231546038
541,0.40539267806409107
542,0.24537510677049923
543,1.5726080473857174
544,1.1772756832938978
545,0.27773843978027557
546,-1.1186051892545006
547,-0.7069695489244943
548,-1.331122451338084
549,-2.362691197643832
550,-1.8820413600384622
551,-3.799752511984085
552,-3.549868002002569
553,-5.203283844843682
554,-0.8317097859286982
555,-3.043455878130196
556,-2.1519575880032207
557,-1.5959989429584986
558,-2.6935360903780854
559,-1.9300873475122842
560,-4.256823808692946
561,-5.851797920500633
562,-0.5734070532611248
563,-4.47449298453844
564,-3.460345346083052
565,-1.700435101379501
566,0.44989954267402865
567,1.1816221383424477
568,2.172585060556621
569,1.4183388949858582
570,2.6524969040269433
571,2.0844411975065107
572,-0.7178326490600142
573,-0.311766695782314
574,0.04537175335138954
575,0.08249579814686925
576,0.25668348214299996
577,0.19559788284769475
578,1.1313845401804592
579,0.5333000863891826
580,1.0105162642702705
581,0.8547840769297803
582,1.0022410187645132
583,1.5993284034699364
584,3.5596035620067887
585,3.168870679592766
586,1.0712631594917745
587,1.6444718728249779
588,1.7618530081831416
589,1.6104858397104254
590,2.675347558813346
591,1.3838692741023397
592,1.505411949041136
593,0.9543677987613162
594,0.14527690732322185
595,-0.8467973765242842
596,0.09099337349381287
597,1.5314826719626033
598,1.1012305804055895
599,1.333191167958498
600,2.7473573089643164
601,2.2966183941700713
602,4.850935389528409
603,0.6713486820999233
604,8.05736496196975
605,1.6761406510620898
606,3.5329653804116994
607,0.949408192256687
608,0.3062747798398071
609,0.21336451198919626
610,0.0740306878517778
611,-0.6827538586940243
612,-2.1674343085111616
613,-2.630167276507967
614,-2.171885394512909
615,-1.4669630349260032
616,-1.8302049134916842
617,-0.3276757846694629
618,-1.087823597362359
619,0.5701537687027844
620,-0.28088621982744044
621,1.542078410054323
622,0.8249632782545575
623,1.3012219768817381
624,2.680465724416244
625,3.497494585621739
626,1.9985480565382403
627,0.9154216330918246
628,0.3635955020586863
629,-0.1489638995532072
630,0.5741407368250755
631,-0.6136347280434418
632,0.2381623851011998
633,-0.6356347307485812
634,-0.46134364004538675
635,-0.917788027673474
636,-0.2344020830251452
637,-0.2119124265276735
638,0.48283617202828033
639,0.012720025945696989
640,-0.766888231425348
641,-0.5928291272198436
642,0.5745667839067252
643,-1.140874030219445
644,-0.3746175907097964
645,0.3398068224959587
646,-0.0989429622395459
647,-1.5485858086187587
648,-0.493307084015024
649,-0.5783163396644397
650,-0.7589791388281473
651,-1.3636995595396204
652,-0.893776841526126
653,-2.0060849319787266
654,-3.3945684801222242
655,-1.3063473778238013
656,-2.0367666263136925
657,-1.0076283274233653
658,-2.579377481819705
659,-1.5118515894586722
660,-3.9494962910309965
661,-1.050832866551211
662,-1.605859320305072
663,-2.356049698615138
664,-1.3619701725668278
665,-3.1733329397519157
666,1.5770626035725712
667,-0.9614069932293461
668,-0.6305065421913305
669,-2.2301946058918
670,-0.9881825229022922
671,-1.5682165252184674
672,-3.2438221302700008
673,-0.3908814679657766
674,-0.757427114948392
675,-0.6173064778603106
676,-0.523455373877523
677,-0.47151345456083327
678,1.035646071662363
679,1.5199476283908933
680,3.4513774222003306
681,0.9742744591139747
682,3.847603159640606
683,0.0675392754248465
684,0.9146937154044581
685,0.31650032041503273
686,1.2980576093234069
687,0.0951831059018371
688,-0.3133917971467497
689,-0.1422934752540712
690,-0.36150769465113086
691,-0.6177034636416003
692,-0.6168318373231436
693,-0.5725184875428067
694,-0.6285159061394818
695,-0.001114251712241554
696,0.4449204702290128
697,0.9505745257315841
698,-0.17904873668153876
699,0.17720229372636354
700,-0.9358553837063166
701,-0.15106238189343202
702,-0.2907800107680547
703,1.875882124938741
704,2.36228571189079
705,2.088427955843761
706,1.1950117306461738
707,1.2038204496644411
708,1.6925801667347766
709,1.7735393140899323
710,4.337716141405771
711,1.626551528130367
712,2.496573757207237
713,2.672213624807899
714,3.05314334171781
715,2.0705242261481516
716,1.0092679272898124
717,0.8452528748496135
718,-0.841372859206615
719,-0.3466031777019012
720,-1.2731570232548286
721,-0.941539754059697
722,-3.711441502355619
723,-3.91991013131231
724,-2.797724569284693
725,-2.825197062749915
726,-1.7201917793319321
727,-0.9196260329273187
728,-0.8922681603062212
729,-2.0687578881151616
730,-0.042937182856402245
731,-1.4344018137336771
732,0.7441503546200785
733,0.983389296654769
734,0.32208786353478835
735,0.4877813180986337
736,-0.06463759633463084
737,-0.04437491255502124
738,-1.466707308706324
739,-0.16499765833064117
740,-0.4329707318406868
741,-0.9735340943844264
742,-0.10904207096547047
743,-0.3844871112429509
744,0.42550961031776247
745,1.5311592223107233
746,2.153142035390646
747,0.752772776355922
748,1.2518213657059611
749,0.8367507207237086
750,1.2224746800601416
751,0.8413509982989122
752,-0.6388067415823908
753,0.38963117464452957
754,-0.22630950490876778
755,-0.9254590387848474
756,-0.07312577854330371
757,0.017042531762630375
758,1.4291820298842879
759,0.06796199603526887
760,-2.053801252514578
761,0.8233681743878236
762,0.2327178879073557
763,0.636871877475226
764,-0.842610042515318
765,0.8014421555855336
766,2.0856079956163356
767,2.7010748197598105
768,1.071887778019363
769,1.1636119845902009
770,1.1083778914601599
771,1.0346963782609961
772,0.8158246240660549
773,1.4745845562206288
774,0.6911538626579894
775,-0.3563339710851796
776,-0.7176068325231064
777,-1.5451482366857583
778,-0.9400150450771161
779,0.08937327390086391
780,0.905969254205715
781,1.0119960240088446
782,0.8877546921839121
783,1.5095324535057912
784,1.1367741139669132
785,1.2809668957179472
786,1.3769206948691703
787,2.2208642085554526
788,1.693236351933173
789,2.388861717386149
790,1.3121920584636024
791,3.596623025057461
792,0.4727360769374238
793,1.862324127883367
794,1.9665989372934796
795,5.998078624685615
796,1.8716050573080203
797,0.6494439980276105
798,0.8063657074309507
799,0.6909830796089604
800,0.39796566173875014
801,0.018631843074150112
802,0.7234008942275754
803,-0.29761732115007256
804,-0.32301736707306006
805,-0.8248147296426573
806,-0.8359084906883769
807,-1.515361842057768
808,-0.15069308645852963
809,0.2590998719348363
810,-0.014014674113326464
811,-0.2690449613965775
812,-1.174869133713317
813,-0.2790643691691699
814,-0.6883692001150976
815,-0.12005658953571618
816,0.597877604252151
817,0.16505977530212057
818,-1.1498759366927302
819,-1.225008023721088
820,-1.4229853509794257
821,0.04979712772152922
822,-2.2852882298099715
823,-1.6493203069903526
824,-0.8938632714427737
825,-0.8695729806768924
826,-0.36447005940068244
827,-0.8211882208003534
828,-0.3382071897891956
829,-0.8197713782159344
830,-0.1281998418007415
831,0.9359537786859686
832,2.304612292861327
833,2.4184215120456187
834,2.6655836499435406
835,1.2807773841713637
836,1.2235875575125892
837,0.6851356786316725
838,0.6697704463327323
839,0.15726524659565122
840,0.39246657535789353
841,0.46947748612232054
842,-0.6325104170281222
843,-0.7797666278999085
844,-0.6384242550479655
845,-1.9911187375951727
846,-1.9477452685263383
847,-1.3663541381065443
848,-1.7406179353222253
849,-0.7660536196764447
850,-1.5619919849061343
851,-1.1465097917350704
852,-0.325477124117981
853,0.323718516709544
854,-0.8265914893735467
855,-0.40867936825246964
856,-0.8002469992967445
857,-1.2528448446562184
858,-1.6641858013281006
859,-1.36623566907946
860,-0.529568771929652
861,-1.0956942442263031
862,-3.315827029290708
863,-2.163838033169804
864,-0.29639466148658755
865,-0.655896217221855
866,-0.007182549238605063
867,-0.12912550483120633
868,-0.23220028830385253
869,-0.552330729900369
870,-0.0721834930411891
871,-1.6090809562557844
872,-0.5753541753801485
873,-1.4160395113499575
874,-2.7886365669282753
875,-3.6167072083006087
876,-2.2915887768834544
877,-0.6208307513345055
878,-2.0976895003315796
879,-0.40827724722136516
880,-2.086347819975872
881,-0.4708061342225278
882,-2.304347730612358
883,-0.9314740107550534
884,-1.6312129298771083
885,-1.6659140877118457
886,-1.6795044739842009
887,-1.142390462297751
888,-0.8262750246452502
889,-1.5940618780175857
890,-0.6362310536759779
891,-2.2555614428363207
892,-1.7161647418678587
893,-2.2500867737685617
894,-1.7362484748125908
895,-3.1057487939474733
896,-0.8661973784299626
897,-3.3049608602982588
898,-0.5176257539584288
899,-1.2782841829984015
900,-0.5097252520428626
901,-2.0288451478999754
902,-0.3886224928374702
903,-2.4401042247289695
904,-0.47754047138417377
905,-0.807464612294936
906,-0.26657628303139447
907,-3.3549542628656095
908,-1.8490252971374428
909,-3.67150204262191
910,-3.071643234045766
911,-3.14124123205729
912,-5.20826967475608
913,-4.450784870861575
914,-3.867102778850507
915,-3.6383345312677307
916,-3.9240653708916096
917,-1.4817647057638368
918,-4.199510432849898
919,-2.5985373155062206
920,-1.381871464068448
921,-3.0742791626384403
922,0.24963494088378724
923,1.5041455210451717
924,0.510342228300475
925,2.040872197236241
926,0.6736378480750691
927,2.8406128656427283
928,1.0679337690687198
929,1.8391317203968827
930,1.002282979084629
931,1.5865392097752293
932,2.2592239009335024
933,2.5859883136697963
934,5.140758049779679
935,1.318069213065245
936,3.338174466015759
937,3.040442335498536
938,1.847622760681423
939,1.5052431292553736
940,1.0209993291525192
941,1.9033421580576158
942,2.3900892830526645
943,1.9795080897297757
944,2.295384400540435
945,2.1027711312622515
946,1.6357476612392023
947,2.135705401341701
948,1.0663188441894462
949,2.2992501434191013
950,0.6673898853282463
951,1.7924936738602302
952,1.446970572697742
953,0.40751650770198466
954,0.9245951089701663
955,0.40506363127112976
956,1.139765115956024
957,0.39179269491862456
958,-0.025394488049190755
959,-0.26073725815682103
960,-0.7483160448986244
961,-0.3682212958785893
962,-1.3017565021378807
963,0.016334429963450248
964,0.45001226002976225
965,0.0237128443679957
966,0.30714022656676043
967,0.519184040446568
968,0.6957319528909718
969,-0.23646255119206216
970,1.3036584066246704
971,1.6200840237241358
972,1.8150482973839175
973,1.9845997474497103
974,0.9181334244899073
975,1.6959492519920971
976,0.32169577286601303
977,-1.0556895867836573
978,-0.19893371211844624
979,-0.31268176307064444
980,-1.21662196164141
981,-0.10807751373819663
982,-0.591250319763823
983,0.3763873270379623
984,1.4141112512830052
985,0.8755084632004397
986,1.0703477443033886
987,1.2573987453172446
988,3.1792272208096417
989,0.9820403362457792
990,0.8944380058215167
991,0.730775504482299
992,-0.29350277964371685
993,0.23622371501664574
994,0.783099423822609
995,0.8621260636385273
996,-0.009770530741668892
997,2.351007092261849
998,1.9984354348400917
999,4.005449287076331
1000,2.5208822926214545
1001,2.350008968167554
1002,4.996754152232061
1003,5.641363410926697
1004,3.0035834954270832
1005,2.023592719390404
1006,-0.886814843512651
1007,-2.129112510761507
1008,-0.31881944362282866
1009,-0.7290383697395928
1010,-0.1582910387065084
1011,-0.7324353124740384
1012,-0.5069645871028108
1013,-0.8385720461400652
1014,-1.0353626848077617
1015,-1.3806305304028452
1016,-0.44432976667440904
1017,-0.07673859172039421
1018,-3.2336431591088637
1019,-2.1465961224954206
1020,-1.1068015868516436
1021,-1.834207339948506
1022,-1.6430279879186322
1023,0.018501820788182854
1024,-0.20804815172319024
1025,0.3016365432203614
1026,0.36043234661645585
1027,0.5941403841749935
1028,2.835628084738678
1029,1.5666010476027985
1030,4.543876062492767
1031,0.5207903222672705
1032,0.3237605871185849
1033,1.3846496355367535
1034,-0.10142525444682882
1035,0.24538456808589437
1036,0.40050175395826226
1037,0.20444631041449668
1038,-0.2885344108092598
1039,0.11501983582419317
1040,0.0819414596420387
1041,0.2214312342825835
1042,0.01236402059642927
1043,-1.1406970402177308
1044,-0.4920782370680161
1045,-0.42278667009134274
1046,-0.42769664465176405
1047,-0.30371561475984343
1048,0.018224645700945175
1049,-1.3843358799871357
1050,-1.168553136097243
1051,-1.3012557741050408
1052,-0.5478010614102118
1053,-0.44238286959201645
1054,-0.35237521904387137
1055,-0.3287456903357402
1056,0.058214105052748266
1057,0.7120473601209323
1058,1.4614757957386022
1059,2.2483311899927596
1060,1.5895984269925236
1061,2.34539427021433
1062,2.1729474363579975
1063,0.88519880627282
1064,-0.44352581762410104
1065,0.6438077574577328
1066,-0.7863099095063397
1067,-4.080202743618182
1068,-3.7368076729661475
1069,-1.7925407793428452
1070,-4.303128719495824
1071,-2.77488693650451
1072,-2.6203275413434852
1073,-4.02116025182999
1074,-5.051113276944239
1075,-1.5472360690642972
1076,-0.23728635393718278
1077,-1.3556046986766432
1078,0.9427396813162492
1079,1.585802616900974
1080,1.511360153852019
1081,3.40975337813407
1082,2.4086021876611277
1083,6.043673031366863
1084,4.879789318825287
1085,1.6274921604086678
1086,3.4398173869139637
1087,6.337495702376753
1088,3.8752793559475656
1089,2.2129818534142185
1090,2.341937750659902
1091,0.7269224214755639
1092,0.5759260632335401
1093,-0.16202921932632286
1094,-0.6733000869046855
1095,-1.1672497196218874
1096,-0.5690028839320043
1097,0.3718453325815565
1098,-0.1894029977493643
1099,0.5550867397219061
1100,-0.20948488457943704
1101,0.24774127594265138
1102,-0.5594005599458818
1103,0.28378549550649623
1104,0.4097353781123729
1105,0.29601120207944476
1106,-2.3884781157392716
1107,-1.4255763347460704
1108,-3.289132735736988
1109,-2.1401468727841504
1110,-4.647891269683349
1111,-0.38319168935290904
1112,-2.6986610002528746
1113,-1.9341930575825899
1114,-3.8072603863838914
1115,0.24813436793234445
1116,-1.1308243173695196
1117,2.1032238043124547
1118,0.7919428460453268
1119,1.5247810091731804
1120,1.716131797538619
1121,2.104297283186357
1122,1.9926061378370452
1123,1.391125633221531
1124,2.212109259808633
1125,1.6146327570216137
1126,4.0875715817261185
1127,2.5434995264205655
1128,3.5807530817730586
1129,0.8462450666942329
1130,0.657051533906369
1131,1.2382014128077605
1132,2.5717612050165055
1133,1.61603026333857
1134,0.9570853277124192
1135,0.8237241661742782
1136,0.6015134552419656
1137,2.1658263528438777
1138,2.5828843886190356
1139,1.9707750941035895
1140,2.057020348511644
1141,0.8561824160089397
1142,2.082909448820292
1143,2.326673905685311
1144,2.97483017672222
1145,1.2611210379034095
1146,1.217529620652364
1147,2.330278849890224
1148,5.417888795268251
1149,2.0415477384702427
1150,2.2831446214033804
1151,1.1293886868771423
1152,1.3826520504501119
1153,0.26075635980930656
1154,-3.703399810341166
1155,-0.029769629159265065
1156,1.6826670978611133
1157,-3.197690800583258
1158,-0.6490781703529542
1159,-1.7884790656068486
1160,-3.7796700276168345
1161,-3.440387247531728
1162,-2.4710687758460317
1163,-0.7949397863858039
1164,-3.7034062513973147
1165,1.2170728801154276
1166,-0.21726258943704657
1167,1.7867413005752937
1168,-0.7959374027224211
1169,-1.3465063205981176
1170,0.39285524989395526
1171,-0.0032821274088226104
1172,0.8543730833841847
1173,0.3654137204488608
1174,-0.23985682114830897
1175,-1.0826883974220154
1176,-0.16108995162089634
1177,-0.7615308930807441
1178,-0.5663405142175133
1179,-1.7391072157571799
1180,-0.5196777713419483
1181,-0.7017913738914636
1182,-0.5639288035859877
1183,0.3587057687848523
1184,0.6322499448518641
1185,1.641498618860604
1186,3.064506863021462
1187,3.0083276408284565
1188,4.252765723987769
1189,0.7933886721659444
1190,2.863989048165047
1191,3.8183829088579913
1192,3.0211269688187627
1193,2.4359579675517864
1194,2.245473808667686
1195,2.298520727823618
1196,1.2725251750375008
1197,2.081628934688087
1198,0.3212311805347632
1199,1.8208785734783959
1200,2.1888158604474572
1201,1.0667460753995357
1202,0.6684580022186832
1203,-0.5542671627441784
1204,-0.664271289878668
1205,0.4196208241859445
1206,1.138444088999833
1207,0.292198206587841
1208,0.12755344596753915
1209,-0.46192142247199897
1210,-0.3927841184491072
1211,-1.0272345017493834
1212,-0.2915314421032633
1213,-1.2104138491237197
1214,0.228420902819634
1215,-1.1598994558534486
1216,-2.398097691324068
1217,-1.4368467280489465
1218,-1.262114311946756
1219,-1.487000258977904
1220,-0.4019824653607298
1221,-0.5160880518532158
1222,-0.2621939788230101
1223,0.021319224381329605
1224,0.29180163238652845
1225,-0.24108624774882337
1226,-1.2948280408012707
1227,-0.8930723699190555
1228,-0.9433095386865293
1229,-0.4236484153937141
1230,-0.9582760124829601
1231,-0.5373015875861586
1232,-1.3240413432347626
1233,-1.2320799622487169
1234,-1.839483276267595
1235,-1.2380364846112482
1236,0.0805296187987885
1237,1.9889392158691663
1238,2.8484345192598646
1239,2.499899245589896
1240,2.11069355374725
1241,4.979867635918735
1242,5.666094696745109
1243,3.882663654252079
1244,4.775841167375468
1245,1.9268913620124106
1246,2.385522139133629
1247,2.4155151176481517
1248,2.769709345753018
1249,1.5121749630483734
1250,1.5434854069357407
1251,-0.37490350415102824
1252,0.2431906363360241
1253,-0.03475641030711074
1254,-1.6831548184000553
1255,-0.8942494732636312
1256,-0.4026244071329721
1257,-3.4235965833717152
1258,-1.872470174973504
1259,-2.5325966963397235
1260,-3.2677310979052088
1261,-0.5288007982384251
1262,-1.3329328765235982
1263,0.08560810836595678
1264,0.8868241409669242
1265,2.2019267405095935
1266,0.19721367681276902
1267,2.3223703604890744
1268,1.4532387636441744
1269,1.7347584885053866
1270,1.7026369430954897
1271,0.4663263757563634
1272,1.1632769939542165
1273,-0.059010265238347515
1274,-0.26061838669982684
1275,-0.7424008551786265
1276,-0.9384344511041967
1277,-0.3594656190219965
1278,-0.7006154967516558
1279,-0.5226718303778242
1280,-0.384602028998998
1281,-1.9625894234432577
1282,-0.9898582440646351
1283,-0.5873434560974164
1284,-0.24196062115236927
1285,-0.12431756489548995
1286,-0.4504355171160075
1287,-0.38997368353313355
1288,-0.6969124354250145
1289,-1.1286272234325452
1290,-1.5752157510810942
1291,-2.4927722350760053
1292,-1.3789758236168126
1293,-1.185452293225591
1294,-1.3164640620236128
1295,-0.9217354683249397
1296,0.041947785419933936
1297,-0.28496864024619484
1298,-0.5905045497543089
1299,-1.110743040584131
1300,-2.065448380465499
1301,-1.9138877746477974
1302,-1.0403875518134669
1303,-1.620373540452455
1304,0.5649041598757378
1305,0.59338587741094
1306,-1.7773596862019971
1307,-1.4097819872832904
1308,0.5458578777942087
1309,0.14416137001289897
1310,1.6757072612294053
1311,-0.15830415239370055
1312,-0.15480225456983732
1313,-1.6740828694863126
1314,-1.011802817296525
1315,0.08518151687650999
1316,-0.2757552900651419
1317,-1.1695720098758642
1318,-0.3977801484792298
1319,0.8693763836984072
1320,-0.23594619336328826
1321,0.32426529332860987
1322,-0.06560363599151486
1323,-0.1578743365860511
1324,0.09469233859361914
1325,-0.1436503589006488
1326,0.047395758364867646
1327,1.0974768264940664
1328,1.3737049763778408
1329,0.883723607464054
1330,1.614274738919189
1331,0.229370415373209
1332,0.5302216683078811
1333,0.9233130301474741
1334,0.1909534370440369
1335,-0.23992285178174022
1336,0.07241345122992726
1337,-0.3826530314023753
1338,-1.5758125984930196
1339,-0.8746221498268945
1340,-0.5965735825786993
1341,-0.2004076343948924
1342,-0.12585563020642887
1343,-1.264105091895349
1344,-2.491295798494839
1345,-1.4805843074946843
1346,-2.387261748038066
1347,0.0019406529832046715
1348,0.303469998937679
1349,0.4379685725267102
1350,4.518456428298684
1351,1.30131393339083
1352,-0.4544021450037494
1353,0.029684036437750194
1354,0.384724891113013
1355,1.8623985594568992
1356,0.43427238123011946
1357,0.6735069299681999
1358,0.42601744687705256
1359,1.1447874305219425
1360,-0.10077108390732725
1361,-0.6562244986424304
1362,0.5699822421905125
1363,0.49148201259182756
1364,0.43834678932546467
1365,-2.780382416237515
1366,-0.7673323869657125
1367,-1.6232124165511692
1368,-1.5077920246442709
1369,-1.303912247882149
1370,-3.1779863955136705
1371,-2.396666236197376
1372,-2.4633694085529356
1373,-2.699830314054296
1374,-1.347371934960755
1375,-2.9818325641211096
1376,-2.5021890094710404
1377,-3.1189965361693126
1378,-1.7930219501325642
1379,-1.2340775916712303
1380,-2.5109768637307166
1381,-1.532533087693876
1382,-1.0400683754130977
1383,-2.3810959922306907
1384,-0.7610728915706275
1385,-1.1479975286195252
1386,-1.0524397764094697
1387,1.032328000153612
1388,1.9540465363526742
1389,1.7150865345907071
1390,4.070597927124563
1391,1.927661913200545
1392,3.291201337527225
1393,0.8015643647005266
1394,1.446412972634656
1395,0.5089422025331274
1396,0.723838329732045
1397,0.09888206034491454
1398,0.5981812558105144
1399,-0.15387678868488486
1400,-0.8464359411473694
1401,-0.08450112857350334
1402,-2.6723419569547957
1403,1.4592381924758229
1404,2.3619034193791357
1405,1.4085128414757122
1406,3.697985450784241
1407,0.057491639781485304
1408,-0.2060976711463809
1409,-0.3696745219546429
1410,1.5034682861228497
1411,-0.2857725541714693
1412,2.1355202339898263
1413,0.5780998116021081
1414,2.5088055158934175
1415,2.0652658667173416
1416,1.8559909123659768
1417,1.6550556454128191
1418,1.4342362751825188
1419,2.0296416229531147
1420,0.6276749804297168
1421,1.6675514771959943
1422,0.7645074720475922
1423,0.5370572235782642
1424,0.9587037577593005
1425,-0.6910611613732147
1426,-0.8247513031119897
1427,-0.5462411174099033
1428,-0.6258343629105942
1429,-0.9100973984720859
1430,-1.3246015685123345
1431,-1.6657951983092838
1432,-1.3232608268528327
1433,-0.5704501912054871
1434,0.3416325253191319
1435,-0.26808535051941895
1436,0.22218952669308667
1437,0.07181811884414113
1438,0.20284026537930622
1439,0.47653025118227
1440,0.7096042547329411
1441,1.3874592075935688
1442,0.4054406129894481
1443,1.8282545973460707
1444,4.01693278719935
1445,1.452195598280312
1446,3.938925431664023
1447,1.1170487241840732
1448,-0.4923399239664512
1449,0.09041458857436169
1450,-0.6313063747500056
1451,-0.2023092763983083
1452,-1.190440847509258
1453,-0.6948051186699953
1454,-1.074071506191972
1455,-1.7198404299038046
1456,-1.7115614216010044
1457,-0.39752607361401715
1458,-0.6579189161660501
1459,-0.15434060785734083
1460,1.0942664597429914
1461,-0.9932578820603428
1462,1.757037625056281
1463,-0.26383741933964977
1464,0.1119462378042666
1465,-1.0890497409833308
1466,1.2501660789766813
1467,0.24650553727859226
1468,2.1082025620385085
1469,1.2878579248314068
1470,-0.7133243491512964
1471,0.22734752834226768
1472,-2.158992860237948
1473,-0.497405611823158
1474,-1.198253891085951
1475,-0.7114352495134622
1476,-1.8517015894665452
1477,-1.0360817691584856
1478,-1.260765366530233
1479,-2.282365986880068
1480,-0.5352166500004927
1481,-0.670477652707218
1482,-0.8231195954328481
1483,-0.015950554039928733
1484,0.7801484118728474
1485,-0.12884200003015422
1486,1.5354871319015988
1487,1.0588366973171812
1488,2.86828880988692
1489,0.16304580599560836
1490,2.3601713029157203
1491,1.1674009162915784
1492,4.433866032616789
1493,4.08698509101507
1494,4.239398901556864
1495,4.105636367738509
1496,4.4506090393101125
1497,5.672641709108708
1498,2.003138828088648
1499,8.048425787341934
1500,3.0116146934197126
1501,2.0359978357798667
1502,1.0930692072319843
1503,0.3181811963132013
1504,0.07285606012604262
1505,1.3773823981013535
1506,1.9893805714665547
1507,-1.4326714982327573
1508,0.8060153148256166
1509,-1.0525785737230624
1510,0.5039375867500073
1511,1.0813911631925546
1512,-1.0632964707364128
1513,1.2829792673672156
1514,0.9389643188356249
1515,0.3925574356698185
1516,0.49782692516029314
1517,0.5946894685326605
1518,-1.8442960787136062
1519,-0.5730576601888533
1520,-0.748981737160312
1521,0.08281222573092961
1522,0.7487400107851379
1523,1.7294230451792796
1524,1.493318428462409
1525,1.800327031852012
1526,1.9491016509171608
1527,0.9131959970430401
1528,0.7972458538173637
1529,1.546659909894064
1530,3.895483437706538
1531,0.6974002088249573
1532,2.421214972844483
1533,-0.5584456420643917
1534,-0.7457401078488335
1535,-0.325783953423727
1536,-2.230983990824255
1537,0.2660305221634367
1538,-0.2436746261290068
1539,0.05256008074245955
1540,-0.194149698945429
1541,-0.9408276267617239
1542,-0.6481646949811406
1543,-0.12744516339820322
1544,-2.728703225603301
1545,-1.0193227585656253
1546,-1.0616172971678743
1547,-2.207651007895482
1548,2.9756337311479975
1549,1.4727572790249432
1550,1.0511281036035918
1551,3.2647756723575796
1552,3.2858202831260144
1553,2.0317556609081535
1554,6.303707346891667
1555,2.178239523573609
1556,1.4870912580317501
1557,1.3892689578477153
1558,-1.0533556931421089
1559,1.5517030589714267
1560,-1.5322797878742769
1561,-1.5998713478278965
1562,-5.663598958492834
1563,-5.003788057361948
1564,-5.772790186612022
1565,-3.418850790647028
1566,-2.0813128350997463
1567,-3.942628819264037
1568,-2.5826433954162376
1569,-1.3080283365694534
1570,-0.07079042334423846
1571,0.2673316221444466
1572,1.2032289286338322
1573,0.8417441854265242
1574,1.1709977298743954
1575,1.5641458804836148
1576,1.635383372535756
1577,1.6549951490265276
1578,2.718396466594143
1579,1.3821786402050424
1580,-0.7617019787710078
1581,-0.47784623471230603
1582,-2.122173427722476
1583,-2.4420519803190484
1584,0.6188616729803158
1585,0.5128861608169881
1586,0.6167607074622472
1587,1.4873637638105626
1588,0.5060969781026214
1589,1.4003715716420295
1590,0.7872128754583958
1591,1.5956394091840371
1592,0.8432567695084963
1593,3.12994654856681
1594,0.9676769781133299
1595,0.7533110273008923
1596,1.1032020554936661
1597,2.1260798658726276
1598,2.0702248292071275
1599,0.1431108766975342
1600,1.8337072392603915
1601,0.7363316588112596
1602,-0.48610950678786935
1603,-1.5236798434643308
1604,-0.04045664910887581
1605,-0.4580137324271565
1606,-0.8520317956258552
1607,-1.3479148450895018
1608,-2.027153286300411
1609,-2.558752586618759
1610,-1.3166685879473405
1611,-2.531747753917326
1612,-1.1302306924969265
1613,-0.8442760053637102
1614,-0.8005890267423013
1615,-2.4978233977001256
1616,-1.0018962707748607
1617,-2.4407462398652076
1618,-0.33467697971079247
1619,-0.03669072485580038
1620,-0.8851243922372163
1621,-0.015212090079195661
1622,0.8272823642593208
1623,0.7876270048278133
1624,1.1053613844095205
1625,0.5955814617834987
1626,2.2554214757710005
1627,0.49663907524479
1628,1.631609130952115
1629,0.7274118792036819
1630,1.4440105512861265
1631,0.8559778555007718
1632,3.348804706749412
1633,1.1729142280747222
1634,0.8924664332683498
1635,2.1998115289297555
1636,1.0166682895059722
1637,0.4043890534537855
1638,0.60571055095172
1639,-0.43990455192057176
1640,-0.7570476974237792
1641,-1.7600600173770111
1642,-1.2077055231313611
1643,-1.5227547553272025
1644,-1.5942958674820353
1645,-1.813024142561094
1646,-2.0597236170973616
1647,-1.6957577924905713
1648,-2.6428546544586684
1649,-0.3875738956618484
1650,-0.20766689079782452
1651,-0.02569223749390659
1652,-0.3987575498852287
1653,-0.5752444105115089
1654,-0.936322984195975
1655,0.7527800719087203
1656,2.3173587020699884
1657,5.421889805714574
1658,5.499574648039875
1659,7.693349357193171
1660,2.189514905615109
1661,1.8479550745533366
1662,4.00481281715005
1663,1.7315256993627273
1664,0.713354270775671
1665,1.0657165517571556
1666,1.8716139709968544
1667,0.220670464340607
1668,-2.294605746712074
1669,-0.31053475074933345
1670,-0.48495680605300606
1671,-1.4518651769699051
1672,-0.9787951618409938
1673,-1.1440031094812664
1674,-1.4477922619432873
1675,-2.5138471156231894
1676,-2.154068907921899
1677,-1.417282803579253
1678,-1.076542182725893
1679,-0.4468517706188315
1680,-0.6664219958675446
1681,-0.45647504522684645
1682,-0.47924410451863775
1683,-0.4466546015913986
1684,-0.7055933779314101
1685,-1.3282126140556416
1686,-0.6764194681435125
1687,-0.2974831081511704
1688,-0.17609917819122423
1689,-0.35621972694685944
1690,-0.16275344398873592
1691,-0.4496855218717517
1692,0.22571080592127757
1693,0.8838729991255434
1694,0.206419170910344
1695,1.7167538124406683
1696,0.3346039221009889
1697,0.5639984740066097
1698,0.24552163004926264
1699,1.5067665976381068
1700,2.180026118917546
1701,1.830808432031862
1702,0.09173763406899127
1703,-1.8455732819539854
1704,0.009105256129751993
1705,-0.5209683150868134
1706,-0.5030688156152134
1707,-0.9289868648958652
1708,-0.777039085586205
1709,-1.2470182082262227
1710,-1.3801007028412116
1711,-2.1269301674913326
1712,-0.9068234118114962
1713,-4.050629446374183
1714,-1.9544328694338002
1715,-2.567476619914297
1716,-0.08461344441172614
1717,-0.862305990522092
1718,-1.4102054357784297
1719,-1.038248540748281
1720,-2.396676760613934
1721,-0.7645646188905424
1722,-0.6157079386750883
1723,-1.267017163441782
1724,-0.24135192231338642
1725,0.11763821792880513
1726,0.7990575348588083
1727,0.5647532865590978
1728,0.8926715062103625
1729,0.863530550689954
1730,1.4653771078898892
1731,1.5401865512868795
1732,1.371090620192053
1733,1.6218625621089213
1734,0.8501259493455269
1735,1.7792343334244691
1736,0.7866894472254495
1737,0.7916987233153261
1738,0.4890480030412441
1739,0.7475001849768361
1740,-0.015165129706027791
1741,0.4201589076191832
1742,0.4320250624301911
1743,-0.46110122025402234
1744,0.07149692342848546
1745,0.016606446943967512
1746,0.12959232955862277
1747,0.27017015860943694
1748,0.5866661842975809
1749,0.7405250736887581
1750,3.641275185710139
1751,1.1142781399386656
1752,-0.01337893441713689
1753,-0.759297132228621
1754,-1.416209244368602
1755,-1.777522192166412
1756,-0.18461336124809336
1757,0.5339041122624515
1758,0.5360043577557398
1759,-0.7877111931701677
1760,0.7271067139730576
1761,1.5274516533113278
1762,0.7541227361099487
1763,1.2726067968363441
1764,0.6535359548513782
1765,1.1449155233503898
1766,0.5121238225524163
1767,1.8796003584822856
1768,1.1773824216356452
1769,0.7620922258259952
1770,-0.8538017971396279
1771,-0.2925494771875137
1772,-1.3706467913597002
1773,-2.6301421201890136
1774,-2.263608478897436
1775,-3.173447839038328
1776,-0.7324394542617032
1777,-0.30299720478009995
1778,0.6107830411725788
1779,-0.11587059371688113
1780,0.6175418236812131
1781,0.5984538000352577
1782,1.161514602610775
1783,0.6996636208655627
1784,1.1509525660910347
1785,1.4328273002932423
1786,1.5322420612262553
1787,1.0939924457376442
1788,0.19345086352621443
1789,0.26353213636800454
1790,0.5210605816089178
1791,0.4354371105038499
1792,-0.5151496645839035
1793,-0.4060643787475797
1794,-0.7796764920107737
1795,-0.7556415742990197
1796,-2.6516605596916865
1797,0.928591349667208
1798,-2.000996857378034
1799,-0.6081442347022126
1800,-2.024161095387793
1801,0.03738340252137462
1802,0.6646159606531974
1803,0.05834050673705704
1804,-0.3244258312050512
1805,-0.7570830733118825
1806,-0.9397504430618149
1807,-1.2106071937028062
1808,1.1023076847175446
1809,2.879903455146888
1810,0.40288908928175715
1811,2.4503406311510254
1812,0.019089805986055808
1813,1.4120012711192143
1814,1.3174559412239617
1815,-0.12266035141220577
1816,1.0316294684732554
1817,0.7016238495440756
1818,0.5904045769835395
1819,-0.4478540737884593
1820,-0.7789837985678005
1821,0.14905537703329585
1822,-0.49233610029948593
1823,0.7224606343997255
1824,0.13216889209947524
1825,3.232957006425236
1826,0.876012452652251
1827,-0.3529581642204729
1828,-0.33995323737967276
1829,-0.016334229056274907
1830,0.5103040768696534
1831,1.0076408423358298
1832,0.11468695020873554
1833,0.4135091393640309
1834,0.20674745251400672
1835,0.3997062844075874
1836,0.09088747583319723
1837,0.1818289087884004
1838,-0.121342602058224
1839,-0.15902740693943684
1840,-0.3652195527486146
1841,-0.020664620526034128
1842,0.2624000717292674
1843,0.40381514330436463
1844,0.9820059239452972
1845,1.0360327438528758
1846,1.7487179003487228
1847,1.228185790917843
1848,1.0938615715218134
1849,2.1666146750134807
1850,2.898091406426664
1851,1.0160528873302859
1852,-0.9317174877045886
1853,0.49213614213369006
1854,-0.879142802659814
1855,-0.7223149408209899
1856,0.1593663142775501
1857,0.5973953476599014
1858,1.2751972501716953
1859,0.9534882634459798
1860,0.9032436461461142
1861,2.240466267389049
1862,2.539201836170786
1863,2.3074281215417223
1864,2.706086576172968
1865,2.043239816608949
1866,1.8400406100193578
1867,1.989842990221021
1868,-0.3203620942643255
1869,-3.0427654048903996
1870,-1.827606290674062
1871,-1.6526847424475903
1872,0.05101727398830391
1873,-0.4226627772658311
1874,-1.546855202579227
1875,-1.4439583436840042
1876,-1.4302784724777418
1877,-0.7897067940561264
1878,-0.884728167221386
1879,-2.4357134400109803
1880,-0.41049964534602346
1881,-1.762761647514992
1882,-0.7861164157564868
1883,-1.646755504793477
1884,-0.867930382739635
1885,-1.190080559424386
1886,-2.4519489421434706
1887,-1.0732373706400047
1888,-1.6918529570395808
1889,-1.3584528803555145
1890,-1.0081736197732134
1891,-1.187234770595678
1892,-1.85917310180439
1893,-0.7911872588847313
1894,-0.960329323700817
1895,-1.094268914777052
1896,-1.9368897525312132
1897,-1.2736981860919627
1898,-1.0204907194788788
1899,-2.328275099864829
1900,-0.7690156423723344
1901,-1.7624402928818004
1902,-2.8545298278519606
1903,-1.4215903562382177
1904,-0.9519855439159208
1905,-1.002335470841416
1906,-0.9925563904315275
1907,-0.44367515570915295
1908,-1.7584750101050766
1909,-0.03203112509146422
1910,0.5673384555727559
1911,0.42823708006480565
1912,0.8771244354523162
1913,0.6636274649049625
1914,1.0365520914751896
1915,1.8904240395589778
1916,0.6822396809807127
1917,1.395120684333234
1918,1.8604166393622332
1919,1.6863803445592982
1920,1.3396159583559086
1921,0.6524718827311489
1922,-0.18513693053790625
1923,0.2679020037213462
1924,0.18403273981032697
1925,-0.3702929931239449
1926,-0.14122090377769325
1927,-0.5722775758195926
1928,-1.3656953274653034
1929,-2.598622665646298
1930,-1.6756493448640235
1931,-1.4173792341727118
1932,-1.0812059192727865
1933,-0.43711115007027956
1934,-0.9443927858139105
1935,-0.8840141006232614
1936,-1.2228269956300668
1937,-0.8016237124854637
1938,-0.7546608685875995
1939,-0.13397574349618502
1940,-0.6486585431425507
1941,-1.3105330238603958
1942,-0.45577523871357606
1943,-0.8550712132969043
1944,-0.6163714880465285
1945,-0.6487415428718784
1946,-0.33098173360312977
1947,-0.6150407472341382
1948,-1.0348953681084971
1949,-0.9703844648684719
1950,-1.24548287372372
1951,-0.6072235856809964
1952,-0.24038049856426902
1953,-0.06701493961416105
1954,0.0032902812451567343
1955,-0.02434826064293283
1956,0.31730841580886526
1957,3.8259156210829737
1958,0.7465904602338362
1959,-0.31404519058902025
1960,1.406151203620432
1961,1.5234390914922784
1962,0.03983567928901621
1963,0.18128262378555604
1964,0.6599548683785663
1965,0.5286233263489439
1966,-0.6457737051090238
1967,-1.1828725939878257
1968,-1.575787326560814
1969,-0.30308353749177286
1970,0.39664224138790694
1971,-0.18328058195923447
1972,-0.45791866582877283
1973,-1.9915070558389836
1974,-0.8178391238967802
1975,0.11506627392410707
1976,0.5842788893372415
1977,0.7184008582764552
1978,0.39669333538310614
1979,-0.4811887908569963
1980,0.25848515254967097
1981,-0.6305522944947279
1982,0.2197560574293309
1983,-0.24063277009683937
1984,0.11605236791021412
1985,-0.3793902697632512
1986,0.15291784081254978
1987,-0.09578617369106546
1988,-0.022063769294954128
1989,-0.16778940419176713
1990,-0.1847638735536652
1991,-0.47420312634259787
1992,-0.0644106542406142
1993,-0.18783115942066075
1994,-0.2962894255898352
1995,-1.5142856627913837
1996,-1.532947713878217
1997,-0.8389734557846342
1998,-0.4715556628943922
1999,0.052331716165184616
2000,0.19391690403185713
2001,-0.6828829445958498
2002,-0.16198206420216543
2003,-0.09155520772134373
2004,-0.6451402077784856
2005,-2.6327713768177166
2006,-0.9906234329985217
2007,-3.893982814582099
2008,-1.7239509517300071
2009,-2.660935257579723
2010,-2.745540097105925
2011,-2.776459762322956
2012,-1.4819008985931568
2013,-2.282315717107462
2014,-1.4446387448470155
2015,-2.518813240844075
2016,-1.9093815480598728
2017,-5.052962535007655
2018,-1.899296065735662
2019,-0.7456400054356838
2020,-2.6320269688102194
2021,0.677610760070654
2022,1.3625602800462833
2023,1.3193139860757697
2024,2.201181137056432
2025,1.8524948215227042
2026,2.3631145808737157
2027,3.608233119524148
2028,1.8340818627274134
2029,1.9247425057165168
2030,0.1922409297302261
2031,0.031813940564896726
2032,-0.06397005506071718
2033,-0.04063404545892357
2034,-0.30586024204988593
2035,-0.4307522016681027
2036,-0.46859307534950645
2037,-0.4989442031793683
2038,-0.7435896287843633
2039,-0.04116683672631272
2040,0.9672942998497405
2041,0.7147459748498282
2042,0.8461971333945852
2043,1.4134135174216755
2044,0.9286353568073986
2045,1.4654892777227317
2046,1.9745256267447981
2047,2.055617487620861
2048,0.9284537440232867
2049,3.657173308422813
2050,1.7974367895102805
2051,2.5521859988243207
2052,4.674798038298505
2053,-0.9570416806328979
2054,-0.6032833771501966
2055,-0.6799689595756462
2056,0.06860041594294586
2057,-0.8298339227870155
2058,0.3321977677186201
2059,-0.2940051911522019
2060,-0.6122208048787581
2061,-1.12719391853304
2062,-0.045613542161449416
2063,-0.38388824933223376
2064,-0.7366640053854887
2065,-1.363123211658177
2066,-2.5398391919116214
2067,-1.0741225780419832
2068,-3.7621583713910205
2069,-3.653799270430122
2070,-3.4249484708839315
2071,-3.0999498790629865
2072,-3.6044127329554243
2073,-1.0961091538097651
2074,-0.6572418633665098
2075,0.7260841731396788
2076,-0.7025404308540324
2077,-0.8480832507456526
2078,0.46686750282071543
2079,1.1101636775481012
2080,1.4380452299068764
2081,2.0485162901483243
2082,2.969993303404382
2083,2.3470460213131803
2084,2.459382178367883
2085,0.7062999051993009
2086,1.4426559229043878
2087,0.9365701955764951
2088,0.7439384239642344
2089,0.250481586875301
2090,-0.4478181012878828
2091,-0.14821882537179754
2092,-0.4791929028551367
2093,-0.3395579989926256
2094,-0.4016934082425383
2095,-0.07120417129671353
2096,-0.7735696985969049
2097,-0.6477188882632436
2098,0.04476517164088456
2099,0.6475097248682129
2100,0.30451104118914074
2101,-0.02818720677968045
2102,-0.7512612891504578
2103,0.0990473498312543
2104,-0.5381765630961901
2105,0.1862891017016839
2106,-0.35050849286846564
2107,-0.5130117497286228
2108,0.3746023562226153
2109,0.6166845788999513
2110,-0.28894936427367846
2111,0.915875848449744
2112,0.7219753307725991
2113,2.527508538422662
2114,0.8820109608721225
2115,-0.015869364477032022
2116,-0.14054979682935453
2117,-0.10222300969182463
2118,0.14900943451371518
2119,0.558520821892392
2120,-0.3276960213653588
2121,1.060758382658383
2122,-0.9450643776594241
2123,-1.4806381565967932
2124,-2.3071792591116607
2125,0.7026008702489914
2126,1.1108017729785198
2127,1.9955986072740295
2128,2.108624040211316
2129,0.5730151946180309
2130,1.2207224009119049
2131,0.8232630561344392
2132,1.2189487964185464
2133,0.15952205629359817
2134,0.6340986798396386
2135,0.2539948511735064
2136,-0.06972222562541219
2137,-0.09018198573205449
2138,-0.059641516392829
2139,0.3344498009247232
2140,-0.09906969732492321
2141,0.27889962516811906
2142,1.0439578120440345
2143,1.2851424187386122
2144,0.8936586733812462
2145,1.404509616999265
2146,1.6653916063925926
2147,1.4933753169424975
2148,2.311909085340252
2149,1.5251542559782045
2150,0.6087278217060401
2151,3.000819417879594
2152,2.5715621645582445
2153,2.2925429128718946
2154,2.1142267141471294
2155,2.343947225707641
2156,0.9456402130605923
2157,0.04367500856204032
2158,-2.4994993950030846
2159,-1.8298059978481405
2160,-4.334417531647649
2161,-2.7541515114666346
2162,-2.2001791342027097
2163,-3.6523953357769905
2164,-2.0059527162070694
2165,-1.5646729772458325
2166,-0.6186314456550477
2167,0.09221020228235766
2168,1.238219275921372
2169,1.5564672574910166
2170,0.26731173614953185
2171,3.8233335033256424
2172,2.8150395823747054
2173,2.2779741708055212
2174,3.387086446643684
2175,6.5972006917746615
2176,4.397354852333316
2177,3.7064642107822747
2178,0.8518858892317605
2179,0.3532242995141175
2180,0.4574717172143403
2181,0.4056444144985729
2182,0.17089887264209214
2183,-0.16069705590145222
2184,-0.5054529260353569
2185,-0.168278213466988
2186,-0.1865864541145772
2187,0.09883472068823718
2188,0.26505591581310384
2189,0.1885779944967627
2190,0.5240529058636554
2191,0.3364665048126607
2192,0.1212261989942025
2193,-0.12851905173649492
2194,0.11173046220839566
2195,0.021376568501654702
2196,-0.2324541250945984
2197,-0.07320139125374503
2198,-0.35750825911257955
2199,0.08223796260074145
2200,0.10333858300802667
2201,2.914409460862462
2202,3.502728277374164
2203,5.9142427061781255
2204,4.264238737033381
2205,4.867138013153447
2206,7.1257763750345635
2207,4.719267126083508
2208,4.977368669959741
2209,1.2920460781536924
2210,5.6513681947856025
2211,4.176293414454673
2212,5.588889967272465
2213,3.6299493724766148
2214,0.4348229679088451
2215,-0.7234091819603847
2216,0.6568735051204388
2217,0.606924166423088
2218,0.8453189349629149
2219,0.8118859241814746
2220,0.44748200394788284
2221,-0.12114510670362755
2222,-1.3184311835327964
2223,-0.3613158382188004
2224,-0.4493891935169163
2225,-0.7591257444400341
2226,-1.2998996264201903
2227,-1.3676544955329657
2228,-2.938242809203091
2229,-1.2847198300740743
2230,-0.9316598066034487
2231,-1.8861879942817898
2232,-1.0853881990092642
2233,-1.1146253276325897
2234,-0.6451303501721704
2235,-0.486521544688328
2236,-0.40342993865275645
2237,-0.5441924721979507
2238,0.17753957278134713
2239,-0.6514961152499605
2240,-0.7567987511531991
2241,-0.4077917595041223
2242,-0.36027265070284464
2243,-0.35361066789331286
2244,-0.11961073760576113
2245,-0.11391139512256299
2246,-0.3494193757237207
2247,-0.2520166043802057
2248,-0.03683702973265035
2249,-0.18295391732677757
2250,-0.4503091606190939
2251,-0.08474241689983941
2252,-0.8299762739553014
2253,-0.12773958893640014
2254,-0.0607047590796288
2255,0.5810249469442823
2256,-1.0386948787042627
2257,0.11237900154739577
2258,0.3768372940146758
2259,0.31874855958183446
2260,1.8058620933010925
2261,0.39144840627157507
2262,0.34466835657980965
2263,-0.5559142232889958
2264,3.1642517562859815
2265,1.5131937386846097
2266,0.5189763272808587
2267,0.9428451928497914
2268,-1.8846105240780773
2269,0.5133881667181015
2270,-2.686791644610569
2271,-0.4967783961221315
2272,-2.6737799549839494
2273,-1.59314730819829
2274,-2.2047761569280624
2275,-1.1947096344741475
2276,-2.180524739460754
2277,-0.6377898180635171
2278,-1.3775773752492313
2279,-1.1655004865940386
2280,-0.584280014685465
2281,-0.3232754948286436
2282,0.6750915899894938
2283,1.1041008181930643
2284,2.2270705375015254
2285,2.2812971448934185
2286,3.8233092761910488
2287,1.8569931260018908
2288,1.3966038062402184
2289,1.5972346108351516
2290,1.3651842060408068
2291,0.7362385252422996
2292,0.6922798404459876
2293,0.3671614046773044
2294,1.0451791201297773
2295,0.22743092884592286
2296,0.8713710854999341
2297,-0.005500774079948201
2298,0.25650491147515453
2299,0.12970030077275752
2300,-1.8203492040580045
2301,-1.9318063978320055
2302,-2.9155473937771212
2303,-4.179013526796794
2304,-5.739052004261984
2305,-2.8060796791947524
2306,-1.670583320424539
2307,-0.47429785701691074
2308,-1.2231530647614406
2309,0.3030272487686325
2310,-1.0539091394112887
2311,2.1636664093473463
2312,-0.7115716712195219
2313,-0.6437036905701028
2314,0.5047641374676832
2315,1.6675616595927476
2316,0.03585803691279921
2317,-0.9991605193130226
2318,-1.128112705133395
2319,-0.2399225141737471
2320,0.06509797585907684
2321,-0.3593253340471385
2322,0.47343862127140923
2323,0.7031665014342643
2324,1.5420942503132977
2325,0.3774423767463322
2326,0.30711697667122095
2327,0.2559286877907043
2328,-0.05349081735230854
2329,0.12787036632470006
2330,-0.3190435747018565
2331,-0.5940418484162739
2332,-0.46145397672540067
2333,-0.45995692340118577
2334,-0.2729414388698803
2335,-0.578924376288593
2336,0.1421818067909406
2337,0.26824608558549734
2338,0.05983816096108718
2339,-0.5641635884107572
2340,-0.23173386224514658
2341,-0.5652926519533032
2342,0.3792209681173935
2343,0.3224393281976994
2344,-0.46346221388358533
2345,0.08910450340543008
2346,0.057521079347514714
2347,0.2653957599953287
2348,0.06667315926679951
2349,0.39068166228400525
2350,0.08920950521702409
2351,0.2775576420386763
2352,0.2990521210012318
2353,1.3166157571970682
2354,0.19203912338078943
2355,-2.1207811468871967
2356,-0.1939674139711407
2357,-1.3018678212724524
2358,0.42348785423526003
2359,2.145854036608487
2360,1.2341125823923296
2361,4.540601169441375
2362,0.8901853195171814
2363,3.9188880517048066
2364,1.563712171399068
2365,2.764391235492738
2366,0.5167350859593025
2367,1.2557876371786492
2368,0.45712126576125556
2369,-1.0562443054944062
2370,-1.090297533807342
2371,-0.5684025227216303
2372,-1.5626689678869985
2373,-0.12887741622760895
2374,-0.12065542333020396
2375,0.10857664740426554
2376,1.368782708391374
2377,0.7100536235672998
2378,0.7017428986932313
2379,0.44905163775327095
2380,0.8145422538163483
2381,0.7990540223557487
2382,0.5628272079394887
2383,1.2478540505182352
2384,0.4390621445556451
2385,0.527703376152262
2386,0.8429128123589038
2387,1.257233391343112
2388,0.6966006404751397
2389,0.6607446804340054
2390,0.5006185836775394
2391,1.2857213288988039
2392,1.4879590944022887
2393,1.6810196015870709
2394,-1.0301226333910485
2395,0.524752126591526
2396,0.5537722159858482
2397,-0.02781459570029554
2398,-1.303269317387624
2399,0.006340279708638263
2400,-1.329859982261116
2401,-1.8933333923311242
2402,-1.0153141269068886
2403,-0.5746892394639698
2404,-1.0075486450053592
2405,-0.5002393359738218
2406,-0.30676813683257365
2407,-2.063716279162186
2408,-0.8737288131758945
2409,-1.439031208351409
2410,-0.5564442353523091
2411,-0.8550809411752223
2412,-0.6751229302438926
2413,-2.084535664954318
2414,-0.8995416943702477
2415,-1.4440736893766868
2416,-1.1215964499972504
2417,-1.2235048256613101
2418,-1.4735511749843084
2419,-1.1936559822048878
2420,-1.173858669233585
2421,-0.6856278786165397
2422,-3.0000852004797736
2423,-1.4839802982706125
2424,-1.9677846459129178
2425,-0.389741913989603
2426,-1.6619851050366634
2427,-0.2888945262247731
2428,-0.4458824375910968
2429,0.0732961904645979
2430,0.9444834354974976
2431,1.6267776016351583
2432,1.3060533143929351
2433,2.4779404105482907
2434,2.651219328143304
2435,5.786498086451299
2436,4.003962769351983
2437,5.266270821429245
2438,1.5382058073443652
2439,2.6130267303919847
2440,1.8779428750560392
2441,1.535352496696449
2442,4.118723416825961
2443,1.5133643722393977
2444,5.677524842870415
2445,2.7245027263103268
2446,3.322432922051423
2447,3.381754287532381
2448,6.001683555830269
2449,-0.1883785515189409
2450,-0.633402272726217
2451,1.3929300198772623
2452,-2.5043972784722275
2453,-0.041952653197290246
2454,-0.9436482087080655
2455,-1.111064621701571
2456,-0.1811324724575023
2457,-1.9971015887291674
2458,-1.1520853302619436
2459,0.1826447047824331
2460,-3.550053887771888
2461,-2.8988887200065143
2462,-1.8163851664402841
